experimento,f1_global,di_global,objective_global
1,0.680327868852459,1.3295711298921762,1.3507567389602828
